label,name,test_accuracy,test_support,train_count
2,canterbury bells,0.0,6,28
10,snapdragon,0.3077,13,61
26,prince of wales feathers,0.3333,6,28
83,columbine,0.3846,13,60
18,balloon flower,0.4286,7,35
31,garden phlox,0.4286,7,31
32,love in the mist,0.4286,7,32
13,spear thistle,0.4286,7,34
100,trumpet creeper,0.4444,9,40
25,corn poppy,0.5,6,29
30,carnation,0.5,8,36
98,bromelia,0.5,10,44
66,spring crocus,0.5,6,30
96,mallow,0.5,10,46
42,sword lily,0.5,20,91
23,red ginger,0.5,6,30
81,clematis,0.5294,17,78
90,hippeastrum,0.5455,11,53
95,camellia,0.5714,14,63
14,yellow iris,0.5714,7,35
52,primula,0.5714,14,65
40,barbeton daisy,0.5789,19,89
82,hibiscus,0.6,20,91
67,bearded iris,0.625,8,38
3,sweet pea,0.625,8,40
15,globe-flower,0.6667,6,29
24,grape hyacinth,0.6667,6,29
44,bolero deep blue,0.6667,6,28
21,pincushion flower,0.6667,9,41
6,moon orchid,0.6667,6,28
41,daffodil,0.6667,9,41
20,fire lily,0.6667,6,28
78,toad lily,0.6667,6,29
89,canna lily,0.6667,12,58
85,tree mallow,0.6667,9,40
97,mexican petunia,0.6667,12,58
0,pink primrose,0.6667,6,28
94,bougainvillea,0.6842,19,90
91,bee balm,0.7,10,46
27,stemless gentian,0.7,10,46
4,english marigold,0.7,10,45
86,magnolia,0.7,10,44
93,foxglove,0.7083,24,114
22,fritillary,0.7143,14,63
101,blackberry lily,0.7143,7,34
92,ball moss,0.7143,7,32
12,king protea,0.7143,7,35
54,pelargonium,0.7273,11,49
50,petunia,0.7436,39,180
17,peruvian lily,0.75,12,58
63,silverbush,0.75,8,36
79,anthurium,0.75,16,73
72,water lily,0.7586,29,136
77,lotus,0.7619,21,95
29,sweet william,0.7692,13,59
49,common dandelion,0.7857,14,64
43,poinsettia,0.7857,14,65
47,buttercup,0.8182,11,49
87,cyclamen,0.8261,23,108
34,alpine sea holly,0.8333,6,30
33,mexican aster,0.8333,6,28
76,passion flower,0.8421,38,175
73,rose,0.8462,26,119
8,monkshood,0.8571,7,32
71,azalea,0.8571,14,67
48,oxeye daisy,0.8571,7,35
99,blanket flower,0.8571,7,35
88,watercress,0.8571,28,128
64,californian poppy,0.8667,15,72
19,giant white arum lily,0.875,8,39
68,windflower,0.875,8,38
37,great masterwort,0.875,8,40
80,frangipani,0.88,25,116
74,thorn apple,0.8889,18,84
53,sunflower,0.8889,9,43
69,tree poppy,0.8889,9,44
1,hard-leaved pocket orchid,0.8889,9,42
39,lenten rose,0.9,10,47
84,desert-rose,0.9,10,44
35,ruby-lipped cattleya,0.9091,11,53
28,artichoke,0.9167,12,54
51,wild pansy,0.9231,13,59
59,pink-yellow dahlia?,0.9375,16,77
75,morning glory,0.9375,16,75
36,cape flower,0.9375,16,76
56,gaura,1.0,10,47
55,bishop of llandaff,1.0,16,77
57,geranium,1.0,17,80
45,wallflower,1.0,29,137
38,siam tulip,1.0,6,29
5,tiger lily,1.0,7,31
7,bird of paradise,1.0,13,59
9,globe thistle,1.0,7,31
11,colt's foot,1.0,13,61
16,purple coneflower,1.0,13,59
46,marigold,1.0,10,47
62,black-eyed susan,1.0,8,38
61,japanese anemone,1.0,8,39
60,cautleya spicata,1.0,8,35
58,orange dahlia,1.0,10,47
70,gazania,1.0,12,54
65,osteospermum,1.0,9,43
