epoch,train_loss,train_acc,val_loss,val_acc,lr
1,3.9932,0.1147,4.5117,0.1172,0.001
2,3.5922,0.1744,3.5629,0.2059,0.001
3,3.3535,0.2292,3.273,0.2547,0.001
4,3.161,0.291,3.6028,0.2075,0.001
5,2.9775,0.334,2.8782,0.3507,0.001
6,2.8202,0.3827,2.795,0.3963,0.001
7,2.6592,0.4214,2.6775,0.4329,0.001
8,2.5298,0.4625,2.5249,0.4703,0.001
9,2.4035,0.5014,2.4206,0.4915,0.001
10,2.2807,0.5377,2.3462,0.5142,0.001
11,2.1828,0.5735,2.2766,0.5492,0.001
12,2.0986,0.5986,2.4872,0.4906,0.001
13,1.9949,0.6315,2.1923,0.5834,0.001
14,1.8966,0.6664,2.0646,0.6282,0.001
15,1.8385,0.6898,1.9358,0.6583,0.001
16,1.7779,0.7062,1.9556,0.6607,0.001
17,1.6925,0.7448,1.9378,0.6737,0.001
18,1.6192,0.7682,1.9144,0.6672,0.001
19,1.5526,0.7903,1.8982,0.6737,0.001
20,1.5321,0.7994,1.9186,0.6648,0.001
21,1.4614,0.8197,1.752,0.7103,0.001
22,1.4302,0.8303,1.7169,0.7494,0.001
23,1.3598,0.865,1.6404,0.7518,0.001
24,1.3228,0.875,1.6572,0.7461,0.001
25,1.2974,0.8809,1.6673,0.7592,0.001
26,1.2733,0.8895,1.7439,0.7234,0.001
27,1.2184,0.9132,1.6577,0.7518,0.001
28,1.2025,0.9131,1.5414,0.8031,0.001
29,1.1585,0.933,1.5401,0.7909,0.001
30,1.1434,0.9349,1.5292,0.8023,0.001
